{
    "mse": 0.02286853432730461,
    "r2": 0.845662580890639
}